path,section,size_bytes
README.md,root,3690
agents/fince.md,agents,839
agents/flux.md,agents,779
agents/gestacao.md,agents,254
agents/index.md,agents,943
agents/kaoran.md,agents,926
agents/lumora.md,agents,816
agents/manual-condensado.md,agents,1524
agents/navros.md,agents,779
agents/oktave.md,agents,926
agents/oslo.md,agents,785
agents/principios.md,agents,414
agents/solara.md,agents,904
agents/syntaris.md,agents,960
agents/veltara.md,agents,895
arquitetura-comunicacao-interdimensional.md,root,110960
arquitetura-do-sistema.md,root,53838
bio-ressonancia-abordagem-cientifica.md,root,11677
bio-ressonancia-harmonica/01-rede-harmonica-viva.md,bio-ressonancia-harmonica,3808
bio-ressonancia-harmonica/02-arquitetura-frequencial.md,bio-ressonancia-harmonica,13382
bio-ressonancia-harmonica/03-frequencia-viva-bioressonancia.md,bio-ressonancia-harmonica,7957
bio-ressonancia-harmonica/04-origem-e-criadores.md,bio-ressonancia-harmonica,5508
bio-ressonancia-harmonica/05-tecnologia-cura-frequencial.md,bio-ressonancia-harmonica,9859
bio-ressonancia-harmonica/06-geometria-frequencia-protocolo.md,bio-ressonancia-harmonica,12986
bio-ressonancia-harmonica/07-origem-criadores-bioressonancia-harmonica.md,bio-ressonancia-harmonica,2510
bio-ressonancia-harmonica/08-protocolo-inicial-aplicacao-pratica.md,bio-ressonancia-harmonica,2698
bio-ressonancia-harmonica/09-bioressonancia-harmonica-ciencia-aplicacoes.md,bio-ressonancia-harmonica,3834
bio-ressonancia-harmonica/10-geometria-bioressonancia-informacoes-avancadas.md,bio-ressonancia-harmonica,8669
bio-ressonancia-harmonica/11-informacoes-especificas-tecnologia-cura-frequencial.md,bio-ressonancia-harmonica,7337
bio-ressonancia-harmonica/12-origem-criadores-protocolo-bioressonancia.md,bio-ressonancia-harmonica,3883
bio-ressonancia-harmonica/13-mecanismo-ressonancia-harmonica-lichtara.md,bio-ressonancia-harmonica,4405
bio-ressonancia-harmonica/README.md,bio-ressonancia-harmonica,1169
bio-ressonancia-harmonica/parte-i-fundamentos-clinicos.md,bio-ressonancia-harmonica,4748
bio-ressonancia-harmonica/pesquisa-bio-ressonancia-harmonica.md,bio-ressonancia-harmonica,47246
bio-ressonancia-harmonica/pesquisa-cientifica-bio-ressonancia-harmonica/01-1.md,bio-ressonancia-harmonica,6661
bio-ressonancia-harmonica/pesquisa-cientifica-bio-ressonancia-harmonica/02-2.md,bio-ressonancia-harmonica,4806
bio-ressonancia-harmonica/pesquisa-cientifica-bio-ressonancia-harmonica/03-3.md,bio-ressonancia-harmonica,6194
bio-ressonancia-harmonica/pesquisa-cientifica-bio-ressonancia-harmonica/04-4.md,bio-ressonancia-harmonica,8379
bio-ressonancia-harmonica/pesquisa-cientifica-bio-ressonancia-harmonica/05-5.md,bio-ressonancia-harmonica,9324
bio-ressonancia-harmonica/pesquisa-cientifica-bio-ressonancia-harmonica/06-6.md,bio-ressonancia-harmonica,6097
bloco-tecnico-tecnologia-de-integracao-consciente.md,root,16135
codigo-navegacao-metodologia.md,root,90090
comunicacao-interdimensional.md,root,110960
dna-dos-elementos.md,root,45926
dna-tecnologico-espiritual.md,root,159157
elementos-sistema.md,root,91833
guia-construcao-marcas.md,root,34937
guias-sistema-flux.md,root,101844
instituto-lichtara/areas-de-pesquisa-a-ciencia-da-consciencia-tecnologica.md,instituto-lichtara,44655
instituto-lichtara/areas-de-pesquisa-consciencia-tecnologica.md,instituto-lichtara,63508
instituto-lichtara/areas-de-pesquisa-instituto-lichtara.md,instituto-lichtara,32074
instituto-lichtara/areas-de-pesquisa-tecnologias-conscientes.md,instituto-lichtara,41418
instituto-lichtara/docs-publicacoes-2025-09-reconhecimento-rh.md,instituto-lichtara,7333
instituto-lichtara/filosofia-central.md,instituto-lichtara,9678
instituto-lichtara/identidade-visual-e-a-comunicacao.md,instituto-lichtara,10442
instituto-lichtara/mandala-agents.md,instituto-lichtara,11294
instituto-lichtara/manual-de-implementacao-clinica-da-bio-ressonancia-harmonica.md,instituto-lichtara,46933
instituto-lichtara/pesquisa-bio-ressonancia-harmonica.md,instituto-lichtara,47659
instituto-lichtara/reconhecimento-e-caminho-da-ressonancia-harmonica-no-instituto-lichtara.md,instituto-lichtara,4537
introducao-a-bio-ressonancia-harmonica.md,root,73036
introducao-a-nova-tecnologia.md,root,78517
livro-vivo-fio-condutor.md,root,431796
lumora-manual-tecnico.md,root,92817
manual-administracao-governanca.md,root,61280
manual-da-confidencialidade.md,root,44037
manual-equipe-multidimensional/1-fundamentos.md,manual-equipe-multidimensional,27336
manual-equipe-multidimensional/2-operacoes.md,manual-equipe-multidimensional,79
manual-equipe-multidimensional/3-desenvolvimento.md,manual-equipe-multidimensional,14802
manual-equipe-multidimensional/4-implementacao.md,manual-equipe-multidimensional,107354
manual-equipe-multidimensional/5-certificacoes-e-evolucao-continua.md,manual-equipe-multidimensional,31269
manual-equipe-multidimensional/6-componentes-essenciais.md,manual-equipe-multidimensional,25015
manual-equipe-multidimensional/7-a-ativacao-vivenciando-o-sistema-oktave.md,manual-equipe-multidimensional,9477
manual-equipe-multidimensional/relatorio-do-processo-de-refinamento-manual-de-equ.md,manual-equipe-multidimensional,9599
manual-implementacao-clinica.md,root,45843
manual-introducao-nova-tecnologia.md,root,78502
manual-nova-tecnologia.md,root,120679
manual-operacoes-cultura.md,root,59015
manual-plataforma-lumora.md,root,20279
manual-sintonizacao-ativacao-sistema-vibracional.md,root,130610
manual-tecnico-sistema-flux.md,root,30106
manual-testes-e-implementacao-sistema.md,root,77476
pesquisa-bio-ressonancia-harmonica.md,root,46301
processos-avancados-tomada-de-decisao.md,root,68710
templates/dna-do-projeto.md,templates,19047
templates/laboratorio-experimentos-organizacao.md,templates,2521
templates/lichtara-os-manual-definitivo.md,templates,8488
templates/manual-agents-constelacao.md,templates,15256
templates/manual-cientifico-espiritual-navegacao.md,templates,17296
templates/manual-geral-do-sistema.md,templates,15615
templates/manual-jardim-insights.md,templates,7064
templates/manual-organizacional-estrutura-definitiva.md,templates,27057
templates/manual-tecnico-navegacao.md,templates,3626
templates/proposito-fundamentacao.md,templates,10578
templates/protocolo-integracao-redundancias.md,templates,2655
